{
  "type": "repurposed_structures:generic_jigsaw_structure",
  "start_pool": "bettertemples:ocean/starts",
  "size": 11,
  "max_distance_from_center": 116,
  "biomes": "#repurposed_structures:has_structure/temples/ocean",
  "step": "surface_structures",
  "terrain_adaptation": "beard_box",
  "project_start_to_heightmap": "OCEAN_FLOOR_WG",
  "max_y_allowed": 62,
  "start_height": {
    "absolute": -38
  },
  "spawn_overrides": {
    "underground_water_creature": {
      "bounding_box": "piece",
      "spawns": [
        {
          "type": "minecraft:glow_squid",
          "weight": 1,
          "minCount": 1,
          "maxCount": 2
        }
      ]
    },
    "water_ambient": {
      "bounding_box": "piece",
      "spawns": [
        {
          "type": "minecraft:pufferfish",
          "weight": 1,
          "minCount": 1,
          "maxCount": 4
        }
      ]
    },
    "monster": {
      "bounding_box": "piece",
      "spawns": [
      ]
    }
  },
  "pools_that_ignore_boundaries": [
    "bettertemples:ocean/challenge_room_emerald_water_bottom"
  ]
}